"series","timestamp","value","label"
"Set","2017-06-20T00:00:00Z",1159,""
"Rise","2017-06-21T00:00:00Z",155,""
"Set","2017-06-21T00:00:00Z",1175,""
"Rise","2017-06-22T00:00:00Z",145,""
"Set","2017-06-22T00:00:00Z",1165,""
"Rise","2017-06-23T00:00:00Z",190,""
"Set","2017-06-23T00:00:00Z",1162,""
"Rise","2017-06-24T00:00:00Z",130,""
"Set","2017-06-24T00:00:00Z",1180,""
"Rise","2017-06-25T00:00:00Z",165,""
"Set","2017-06-25T00:00:00Z",1168,""
"Rise","2017-06-26T00:00:00Z",137,""
"Set","2017-06-26T00:00:00Z",1170,""
"Rise","2017-06-27T00:00:00Z",147,""
"Set","2017-06-27T00:00:00Z",1163,""
"Rise","2017-06-28T00:00:00Z",136,""
"Set","2017-06-28T00:00:00Z",1164,""
"Rise","2017-06-29T00:00:00Z",146,""
"Set","2017-06-29T00:00:00Z",1175,""
"Rise","2017-06-30T00:00:00Z",142,""
"Set","2017-06-30T00:00:00Z",1155,""
"Rise","2017-07-01T00:00:00Z",155,""
"Set","2017-07-01T00:00:00Z",1170,""
"Rise","2017-07-02T00:00:00Z",151,""
"Set","2017-07-02T00:00:00Z",1149,""
"Rise","2017-07-03T00:00:00Z",151,""
"Set","2017-07-03T00:00:00Z",1177,""
"Rise","2017-07-04T00:00:00Z",160,""
"Set","2017-07-04T00:00:00Z",1145,""
"Rise","2017-07-05T00:00:00Z",146,""
"Set","2017-07-05T00:00:00Z",1155,""
"Rise","2017-07-06T00:00:00Z",155,""
"Set","2017-07-06T00:00:00Z",1154,""
"Rise","2017-07-07T00:00:00Z",141,""
"Set","2017-07-07T00:00:00Z",1155,""
"Rise","2017-07-08T00:00:00Z",150,""
"Set","2017-07-08T00:00:00Z",1160,""
"Rise","2017-07-09T00:00:00Z",162,""
"Set","2017-07-09T00:00:00Z",1158,""
"Rise","2017-07-10T00:00:00Z",165,""
"Set","2017-07-10T00:00:00Z",1140,""
"Rise","2017-07-11T00:00:00Z",210,""
"Set","2017-07-11T00:00:00Z",1149,""
"Rise","2017-07-12T00:00:00Z",166,""
"Set","2017-07-12T00:00:00Z",1135,""
"Rise","2017-07-13T00:00:00Z",175,""
"Set","2017-07-13T00:00:00Z",1150,""
"Rise","2017-07-14T00:00:00Z",160,""
"Set","2017-07-14T00:00:00Z",1145,""
"Rise","2017-07-15T00:00:00Z",165,""
"Set","2017-07-15T00:00:00Z",1145,""
"Rise","2017-07-16T00:00:00Z",170,""
"Set","2017-07-16T00:00:00Z",1143,""
"Rise","2017-07-17T00:00:00Z",150,""
"Set","2017-07-17T00:00:00Z",1143,""
"Rise","2017-07-18T00:00:00Z",155,""
"Set","2017-07-18T00:00:00Z",1145,""
"Rise","2017-07-19T00:00:00Z",167,""
"Set","2017-07-19T00:00:00Z",1145,""
"Rise","2017-07-20T00:00:00Z",167,""
"Set","2017-07-20T00:00:00Z",1134,""
"Rise","2017-07-21T00:00:00Z",185,""
"Set","2017-07-21T00:00:00Z",1140,""
"Rise","2017-07-22T00:00:00Z",165,""
"Set","2017-07-22T00:00:00Z",1133,""
"Rise","2017-07-23T00:00:00Z",170,""
"Set","2017-07-23T00:00:00Z",1139,""
"Rise","2017-07-24T00:00:00Z",175,""
"Set","2017-07-24T00:00:00Z",1130,""
"Rise","2017-07-25T00:00:00Z",202,""
"Set","2017-07-25T00:00:00Z",1153,""
"Rise","2017-07-26T00:00:00Z",210,""
"Set","2017-07-26T00:00:00Z",1125,""
"Rise","2017-07-27T00:00:00Z",185,""
"Set","2017-07-27T00:00:00Z",1113,""
"Rise","2017-07-28T00:00:00Z",195,""
"Set","2017-07-28T00:00:00Z",1127,""
"Rise","2017-07-29T00:00:00Z",180,""
"Set","2017-07-29T00:00:00Z",1135,""
"Rise","2017-07-30T00:00:00Z",181,""
"Set","2017-07-30T00:00:00Z",1125,""
"Rise","2017-07-31T00:00:00Z",190,""
"Set","2017-07-31T00:00:00Z",1132,""
"Rise","2017-08-01T00:00:00Z",186,""
"Set","2017-08-01T00:00:00Z",1129,""
"Rise","2017-08-02T00:00:00Z",185,""
"Set","2017-08-02T00:00:00Z",1122,""
"Rise","2017-08-03T00:00:00Z",190,""
"Set","2017-08-03T00:00:00Z",1115,""
"Rise","2017-08-04T00:00:00Z",186,""
"Set","2017-08-04T00:00:00Z",1135,""
"Rise","2017-08-05T00:00:00Z",205,""
"Set","2017-08-05T00:00:00Z",1120,""
"Rise","2017-08-06T00:00:00Z",215,""
"Set","2017-08-06T00:00:00Z",1115,""
"Rise","2017-08-07T00:00:00Z",217,""
"Set","2017-08-07T00:00:00Z",1095,""
"Rise","2017-08-08T00:00:00Z",231,""
"Set","2017-08-08T00:00:00Z",1110,""
"Rise","2017-08-09T00:00:00Z",247,""
"Set","2017-08-09T00:00:00Z",1099,""
"Rise","2017-08-10T00:00:00Z",226,""
"Set","2017-08-10T00:00:00Z",1109,""
"Rise","2017-08-11T00:00:00Z",227,""
"Set","2017-08-11T00:00:00Z",1110,""
"Rise","2017-08-12T00:00:00Z",235,""
"Set","2017-08-12T00:00:00Z",1105,""
"Rise","2017-08-13T00:00:00Z",230,""
"Set","2017-08-13T00:00:00Z",1105,""
"Rise","2017-08-14T00:00:00Z",236,""
"Set","2017-08-14T00:00:00Z",1109,""
"Rise","2017-08-15T00:00:00Z",241,""
"Set","2017-08-15T00:00:00Z",1105,""
"Rise","2017-08-16T00:00:00Z",236,""
"Set","2017-08-16T00:00:00Z",1094,""
"Rise","2017-08-17T00:00:00Z",245,""
"Set","2017-08-17T00:00:00Z",1105,""
"Rise","2017-08-18T00:00:00Z",246,""
"Set","2017-08-18T00:00:00Z",1100,""
"Rise","2017-08-19T00:00:00Z",245,""
"Set","2017-08-19T00:00:00Z",1089,""
"Rise","2017-08-20T00:00:00Z",237,""
"Set","2017-08-20T00:00:00Z",1090,""
"Rise","2017-08-21T00:00:00Z",241,""
"Set","2017-08-21T00:00:00Z",1098,""
"Rise","2017-08-22T00:00:00Z",246,""
"Set","2017-08-22T00:00:00Z",1103,""
"Rise","2017-08-23T00:00:00Z",252,""
"Set","2017-08-23T00:00:00Z",1095,""
"Rise","2017-08-24T00:00:00Z",241,""
"Set","2017-08-24T00:00:00Z",1088,""
"Rise","2017-08-25T00:00:00Z",251,""
"Set","2017-08-25T00:00:00Z",1079,""
"Rise","2017-08-26T00:00:00Z",245,""
"Set","2017-08-26T00:00:00Z",1087,""
"Rise","2017-08-27T00:00:00Z",247,""
"Set","2017-08-27T00:00:00Z",1084,""
"Rise","2017-08-28T00:00:00Z",246,""
"Set","2017-08-28T00:00:00Z",1090,""
"Rise","2017-08-29T00:00:00Z",256,""
"Set","2017-08-29T00:00:00Z",1085,""
"Rise","2017-08-30T00:00:00Z",257,""
"Set","2017-08-30T00:00:00Z",1090,""
"Rise","2017-08-31T00:00:00Z",281,""
"Set","2017-08-31T00:00:00Z",1097,""
"Rise","2017-09-01T00:00:00Z",290,""
"Set","2017-09-01T00:00:00Z",1103,""
"Rise","2017-09-02T00:00:00Z",305,""
"Set","2017-09-02T00:00:00Z",1079,""
"Rise","2017-09-03T00:00:00Z",322,""
"Set","2017-09-03T00:00:00Z",1098,""
"Rise","2017-09-04T00:00:00Z",317,""
"Set","2017-09-04T00:00:00Z",1094,""
"Rise","2017-09-05T00:00:00Z",336,""
"Set","2017-09-05T00:00:00Z",1095,""
"Rise","2017-09-06T00:00:00Z",335,""
"Set","2017-09-06T00:00:00Z",1095,""
"Rise","2017-09-07T00:00:00Z",340,""
"Set","2017-09-07T00:00:00Z",1103,""
"Rise","2017-09-08T00:00:00Z",340,""
"Set","2017-09-08T00:00:00Z",1095,""
"Rise","2017-09-09T00:00:00Z",350,""
"Set","2017-09-09T00:00:00Z",1094,""
"Rise","2017-09-10T00:00:00Z",336,""
"Set","2017-09-10T00:00:00Z",1105,""
"Rise","2017-09-11T00:00:00Z",345,""
"Set","2017-09-11T00:00:00Z",1100,""
"Rise","2017-09-12T00:00:00Z",345,""
"Set","2017-09-12T00:00:00Z",1099,""
"Rise","2017-09-13T00:00:00Z",341,""
"Set","2017-09-13T00:00:00Z",1105,""
"Rise","2017-09-14T00:00:00Z",341,""
"Set","2017-09-14T00:00:00Z",1102,""
"Rise","2017-09-15T00:00:00Z",336,""
"Set","2017-09-15T00:00:00Z",1105,""
"Rise","2017-09-16T00:00:00Z",356,""
"Set","2017-09-16T00:00:00Z",1100,""
"Rise","2017-09-17T00:00:00Z",345,""
"Set","2017-09-17T00:00:00Z",1105,""
"Rise","2017-09-18T00:00:00Z",345,""
"Set","2017-09-18T00:00:00Z",1105,""
"Rise","2017-09-19T00:00:00Z",340,""
"Set","2017-09-19T00:00:00Z",1100,""
"Rise","2017-09-20T00:00:00Z",337,""
"Set","2017-09-20T00:00:00Z",1095,""
"Rise","2017-09-21T00:00:00Z",340,""
"Set","2017-09-21T00:00:00Z",1090,""
"Rise","2017-09-22T00:00:00Z",347,""
"Set","2017-09-22T00:00:00Z",1095,""
"Rise","2017-09-23T00:00:00Z",341,""
"Set","2017-09-23T00:00:00Z",1097,""
"Rise","2017-09-24T00:00:00Z",345,""
"Set","2017-09-24T00:00:00Z",1098,""
"Rise","2017-09-25T00:00:00Z",346,""
"Set","2017-09-25T00:00:00Z",1089,""
"Rise","2017-09-26T00:00:00Z",340,""
"Set","2017-09-26T00:00:00Z",1095,""
"Rise","2017-09-27T00:00:00Z",340,""
"Set","2017-09-27T00:00:00Z",1093,""
"Rise","2017-09-28T00:00:00Z",337,""
"Set","2017-09-28T00:00:00Z",1095,""
"Rise","2017-09-29T00:00:00Z",351,""
"Set","2017-09-29T00:00:00Z",1093,""
"Rise","2017-09-30T00:00:00Z",345,""
"Set","2017-09-30T00:00:00Z",1085,""
"Rise","2017-10-01T00:00:00Z",336,""
"Set","2017-10-01T00:00:00Z",1085,""
"Rise","2017-10-02T00:00:00Z",335,""
"Set","2017-10-02T00:00:00Z",1095,""
"Rise","2017-10-03T00:00:00Z",360,""
"Set","2017-10-03T00:00:00Z",1090,""
"Rise","2017-10-04T00:00:00Z",340,""
"Set","2017-10-04T00:00:00Z",1085,""
"Rise","2017-10-05T00:00:00Z",350,""
"Set","2017-10-05T00:00:00Z",1089,""
"Rise","2017-10-06T00:00:00Z",345,""
"Set","2017-10-06T00:00:00Z",1085,""
"Rise","2017-10-07T00:00:00Z",340,""
"Set","2017-10-07T00:00:00Z",1088,""
"Rise","2017-10-08T00:00:00Z",342,""
"Set","2017-10-08T00:00:00Z",1085,""
"Rise","2017-10-09T00:00:00Z",336,""
"Set","2017-10-09T00:00:00Z",1084,""
"Rise","2017-10-10T00:00:00Z",337,""
"Set","2017-10-10T00:00:00Z",1088,""
"Rise","2017-10-11T00:00:00Z",337,""
"Set","2017-10-11T00:00:00Z",1085,""
"Rise","2017-10-12T00:00:00Z",345,""
"Set","2017-10-12T00:00:00Z",1085,""
"Rise","2017-10-13T00:00:00Z",336,""
"Set","2017-10-13T00:00:00Z",1084,""
"Rise","2017-10-14T00:00:00Z",335,""
"Set","2017-10-14T00:00:00Z",1075,""
"Rise","2017-10-15T00:00:00Z",345,""
"Set","2017-10-15T00:00:00Z",1084,""
"Rise","2017-10-16T00:00:00Z",335,""
"Set","2017-10-16T00:00:00Z",1080,""
"Rise","2017-10-17T00:00:00Z",340,""
"Set","2017-10-17T00:00:00Z",1080,""
"Rise","2017-10-18T00:00:00Z",340,""
"Set","2017-10-18T00:00:00Z",1078,""
"Rise","2017-10-19T00:00:00Z",345,""
"Set","2017-10-19T00:00:00Z",1080,""
"Rise","2017-10-20T00:00:00Z",345,""
"Set","2017-10-20T00:00:00Z",1070,""
"Rise","2017-10-21T00:00:00Z",340,""
"Set","2017-10-21T00:00:00Z",1075,""
"Rise","2017-10-22T00:00:00Z",342,""
"Set","2017-10-22T00:00:00Z",1078,""
"Rise","2017-10-23T00:00:00Z",347,""
"Set","2017-10-23T00:00:00Z",1065,""
"Rise","2017-10-24T00:00:00Z",345,""
"Set","2017-10-24T00:00:00Z",1065,""
"Rise","2017-10-25T00:00:00Z",350,""
"Set","2017-10-25T00:00:00Z",1078,""
"Rise","2017-10-26T00:00:00Z",341,""
"Set","2017-10-26T00:00:00Z",1068,""
"Rise","2017-10-27T00:00:00Z",350,""
"Set","2017-10-27T00:00:00Z",1075,""
"Rise","2017-10-28T00:00:00Z",350,""
"Set","2017-10-28T00:00:00Z",1062,""
"Rise","2017-10-29T00:00:00Z",355,""
"Set","2017-10-29T00:00:00Z",1060,""
"Rise","2017-10-30T00:00:00Z",350,""
"Set","2017-10-30T00:00:00Z",1074,""
"Rise","2017-10-31T00:00:00Z",351,""
"Set","2017-10-31T00:00:00Z",1070,""
"Rise","2017-11-01T00:00:00Z",341,""
"Set","2017-11-01T00:00:00Z",1070,""
"Rise","2017-11-02T00:00:00Z",355,""
"Set","2017-11-02T00:00:00Z",1063,""
"Rise","2017-11-03T00:00:00Z",350,""
"Set","2017-11-03T00:00:00Z",1064,""
"Rise","2017-11-04T00:00:00Z",350,""
"Set","2017-11-04T00:00:00Z",1065,""
"Rise","2017-11-05T00:00:00Z",347,""
"Set","2017-11-05T00:00:00Z",1068,""
"Rise","2017-11-06T00:00:00Z",355,""
"Set","2017-11-06T00:00:00Z",1065,""
"Rise","2017-11-07T00:00:00Z",355,""
"Set","2017-11-07T00:00:00Z",1069,""
"Rise","2017-11-08T00:00:00Z",360,""
"Set","2017-11-08T00:00:00Z",1072,""
"Rise","2017-11-09T00:00:00Z",351,""
"Set","2017-11-09T00:00:00Z",1065,""
"Rise","2017-11-10T00:00:00Z",350,""
"Set","2017-11-10T00:00:00Z",1065,""
"Rise","2017-11-11T00:00:00Z",355,""
"Set","2017-11-11T00:00:00Z",1060,""
"Rise","2017-11-12T00:00:00Z",352,""
"Set","2017-11-12T00:00:00Z",1065,""
"Rise","2017-11-13T00:00:00Z",350,""
"Set","2017-11-13T00:00:00Z",1068,""
"Rise","2017-11-14T00:00:00Z",350,""
"Set","2017-11-14T00:00:00Z",1070,""
"Rise","2017-11-15T00:00:00Z",350,""
"Set","2017-11-15T00:00:00Z",1059,""
"Rise","2017-11-16T00:00:00Z",360,""
"Set","2017-11-16T00:00:00Z",1070,""
"Rise","2017-11-17T00:00:00Z",350,""
"Set","2017-11-17T00:00:00Z",1062,""
"Rise","2017-11-18T00:00:00Z",355,""
"Set","2017-11-18T00:00:00Z",1064,""
"Rise","2017-11-19T00:00:00Z",345,""
"Set","2017-11-19T00:00:00Z",1062,""
"Rise","2017-11-20T00:00:00Z",365,""
"Set","2017-11-20T00:00:00Z",1062,""
"Rise","2017-11-21T00:00:00Z",365,""
"Set","2017-11-21T00:00:00Z",1060,""
"Rise","2017-11-22T00:00:00Z",355,""
"Set","2017-11-22T00:00:00Z",1064,""
"Rise","2017-11-23T00:00:00Z",355,""
"Set","2017-11-23T00:00:00Z",1070,""
"Rise","2017-11-24T00:00:00Z",355,""
"Set","2017-11-24T00:00:00Z",1067,""
"Rise","2017-11-25T00:00:00Z",371,""
"Set","2017-11-25T00:00:00Z",1065,""
"Rise","2017-11-26T00:00:00Z",370,""
"Set","2017-11-26T00:00:00Z",1060,""
"Rise","2017-11-27T00:00:00Z",365,""
"Set","2017-11-27T00:00:00Z",1059,""
"Rise","2017-11-28T00:00:00Z",350,""
"Set","2017-11-28T00:00:00Z",1059,""
"Rise","2017-11-29T00:00:00Z",355,""
"Set","2017-11-29T00:00:00Z",1070,""
"Rise","2017-11-30T00:00:00Z",356,""
"Set","2017-11-30T00:00:00Z",1055,""
"Rise","2017-12-01T00:00:00Z",365,""
"Set","2017-12-01T00:00:00Z",1075,""
"Rise","2017-12-02T00:00:00Z",372,""
"Set","2017-12-02T00:00:00Z",1067,""
"Rise","2017-12-03T00:00:00Z",377,""
"Set","2017-12-03T00:00:00Z",1068,""
"Rise","2017-12-04T00:00:00Z",380,""
"Set","2017-12-04T00:00:00Z",1070,""
"Rise","2017-12-05T00:00:00Z",360,""
"Set","2017-12-05T00:00:00Z",1065,""
"Rise","2017-12-06T00:00:00Z",390,""
"Set","2017-12-06T00:00:00Z",1087,""
"Rise","2017-12-07T00:00:00Z",380,""
"Set","2017-12-07T00:00:00Z",1080,""
"Rise","2017-12-08T00:00:00Z",380,""
"Set","2017-12-08T00:00:00Z",1085,""
"Rise","2017-12-09T00:00:00Z",381,""
"Set","2017-12-09T00:00:00Z",1094,""
"Rise","2017-12-10T00:00:00Z",380,""
"Set","2017-12-10T00:00:00Z",1093,""
"Rise","2017-12-11T00:00:00Z",386,""
"Set","2017-12-11T00:00:00Z",1095,""
"Rise","2017-12-12T00:00:00Z",385,""
"Set","2017-12-12T00:00:00Z",1095,""
"Rise","2017-12-13T00:00:00Z",385,""
"Set","2017-12-13T00:00:00Z",1093,""
"Rise","2017-12-14T00:00:00Z",385,""
"Set","2017-12-14T00:00:00Z",1100,""
"Rise","2017-12-15T00:00:00Z",380,""
"Set","2017-12-15T00:00:00Z",1105,""
"Rise","2017-12-16T00:00:00Z",386,""
"Set","2017-12-16T00:00:00Z",1099,""
"Rise","2017-12-17T00:00:00Z",387,""
"Set","2017-12-17T00:00:00Z",1102,""
"Rise","2017-12-18T00:00:00Z",405,""
"Set","2017-12-18T00:00:00Z",1105,""
"Rise","2017-12-19T00:00:00Z",400,""
"Set","2017-12-19T00:00:00Z",1105,""
"Rise","2017-12-20T00:00:00Z",395,""
"Set","2017-12-20T00:00:00Z",1084,""
"Rise","2017-12-21T00:00:00Z",405,""
"Set","2017-12-21T00:00:00Z",1087,""
"Rise","2017-12-22T00:00:00Z",400,""
"Set","2017-12-22T00:00:00Z",1089,""
"Rise","2017-12-23T00:00:00Z",392,""
"Set","2017-12-23T00:00:00Z",1099,""
"Rise","2017-12-24T00:00:00Z",400,""
"Set","2017-12-24T00:00:00Z",1075,""
"Rise","2017-12-25T00:00:00Z",380,""
"Set","2017-12-25T00:00:00Z",1094,""
"Rise","2017-12-26T00:00:00Z",390,""
"Set","2017-12-26T00:00:00Z",1090,""
"Rise","2017-12-27T00:00:00Z",405,""
"Set","2017-12-27T00:00:00Z",1108,""
"Rise","2017-12-28T00:00:00Z",395,""
"Set","2017-12-28T00:00:00Z",1103,""
"Rise","2017-12-29T00:00:00Z",405,""
"Set","2017-12-29T00:00:00Z",1117,""
"Rise","2017-12-30T00:00:00Z",400,""
"Set","2017-12-30T00:00:00Z",1102,""
"Rise","2017-12-31T00:00:00Z",395,""
"Set","2017-12-31T00:00:00Z",1108,""
"Rise","2018-01-01T00:00:00Z",402,""
"Set","2018-01-01T00:00:00Z",1108,""
"Rise","2018-01-02T00:00:00Z",395,""
"Set","2018-01-02T00:00:00Z",1107,""
"Rise","2018-01-03T00:00:00Z",405,""
"Set","2018-01-03T00:00:00Z",1095,""
"Rise","2018-01-04T00:00:00Z",407,""
"Set","2018-01-04T00:00:00Z",1109,""
"Rise","2018-01-05T00:00:00Z",410,""
"Set","2018-01-05T00:00:00Z",1114,""
"Rise","2018-01-06T00:00:00Z",401,""
"Set","2018-01-06T00:00:00Z",1115,""
"Rise","2018-01-07T00:00:00Z",405,""
"Set","2018-01-07T00:00:00Z",1109,""
"Rise","2018-01-08T00:00:00Z",400,""
"Set","2018-01-08T00:00:00Z",1110,""
"Rise","2018-01-09T00:00:00Z",395,""
"Set","2018-01-09T00:00:00Z",1094,""
"Rise","2018-01-10T00:00:00Z",395,""
"Set","2018-01-10T00:00:00Z",1100,""
"Rise","2018-01-11T00:00:00Z",387,""
"Set","2018-01-11T00:00:00Z",1103,""
"Rise","2018-01-12T00:00:00Z",435,""
"Set","2018-01-12T00:00:00Z",1108,""
"Rise","2018-01-13T00:00:00Z",411,""
"Set","2018-01-13T00:00:00Z",1115,""
"Rise","2018-01-14T00:00:00Z",391,""
"Set","2018-01-14T00:00:00Z",1120,""
"Rise","2018-01-15T00:00:00Z",400,""
"Set","2018-01-15T00:00:00Z",1119,""
"Rise","2018-01-16T00:00:00Z",400,""
"Set","2018-01-16T00:00:00Z",1119,""
"Rise","2018-01-17T00:00:00Z",395,""
"Set","2018-01-17T00:00:00Z",1110,""
"Rise","2018-01-18T00:00:00Z",390,""
"Set","2018-01-18T00:00:00Z",1113,""
"Rise","2018-01-19T00:00:00Z",395,""
"Set","2018-01-19T00:00:00Z",1117,""
"Rise","2018-01-20T00:00:00Z",400,""
"Set","2018-01-20T00:00:00Z",1113,""
"Rise","2018-01-21T00:00:00Z",411,""
"Set","2018-01-21T00:00:00Z",1112,""
"Rise","2018-01-22T00:00:00Z",395,""
"Set","2018-01-22T00:00:00Z",1109,""
"Rise","2018-01-23T00:00:00Z",401,""
"Set","2018-01-23T00:00:00Z",1108,""
"Rise","2018-01-24T00:00:00Z",400,""
"Set","2018-01-24T00:00:00Z",1122,""
"Rise","2018-01-25T00:00:00Z",400,""
"Set","2018-01-25T00:00:00Z",1110,""
"Rise","2018-01-26T00:00:00Z",412,""
"Set","2018-01-26T00:00:00Z",1104,""
"Rise","2018-01-27T00:00:00Z",397,""
"Set","2018-01-27T00:00:00Z",1120,""
"Rise","2018-01-28T00:00:00Z",402,""
"Set","2018-01-28T00:00:00Z",1115,""
"Rise","2018-01-29T00:00:00Z",407,""
"Set","2018-01-29T00:00:00Z",1120,""
"Rise","2018-01-30T00:00:00Z",405,""
"Set","2018-01-30T00:00:00Z",1125,""
"Rise","2018-01-31T00:00:00Z",400,""
"Set","2018-01-31T00:00:00Z",1122,""
"Rise","2018-02-01T00:00:00Z",396,""
"Set","2018-02-01T00:00:00Z",1125,""
"Rise","2018-02-02T00:00:00Z",397,""
"Set","2018-02-02T00:00:00Z",1110,""
"Rise","2018-02-03T00:00:00Z",406,""
"Set","2018-02-03T00:00:00Z",1122,""
"Rise","2018-02-04T00:00:00Z",391,""
"Set","2018-02-04T00:00:00Z",1120,""
"Rise","2018-02-05T00:00:00Z",400,""
"Set","2018-02-05T00:00:00Z",1120,""
"Rise","2018-02-06T00:00:00Z",410,""
"Set","2018-02-06T00:00:00Z",1123,""
"Rise","2018-02-07T00:00:00Z",400,""
"Set","2018-02-07T00:00:00Z",1130,""
"Rise","2018-02-08T00:00:00Z",395,""
"Set","2018-02-08T00:00:00Z",1119,""
"Rise","2018-02-09T00:00:00Z",405,""
"Set","2018-02-09T00:00:00Z",1119,""
"Rise","2018-02-10T00:00:00Z",392,""
"Set","2018-02-10T00:00:00Z",1119,""
"Rise","2018-02-11T00:00:00Z",405,""
"Set","2018-02-11T00:00:00Z",1120,""
"Rise","2018-02-12T00:00:00Z",400,""
"Set","2018-02-12T00:00:00Z",1115,""
"Rise","2018-02-13T00:00:00Z",402,""
"Set","2018-02-13T00:00:00Z",1125,""
"Rise","2018-02-14T00:00:00Z",395,""
"Set","2018-02-14T00:00:00Z",1114,""
"Rise","2018-02-15T00:00:00Z",396,""
"Set","2018-02-15T00:00:00Z",1124,""
"Rise","2018-02-16T00:00:00Z",406,""
"Set","2018-02-16T00:00:00Z",1123,""
"Rise","2018-02-17T00:00:00Z",395,""
"Set","2018-02-17T00:00:00Z",1127,""
"Rise","2018-02-18T00:00:00Z",395,""
"Set","2018-02-18T00:00:00Z",1124,""
"Rise","2018-02-19T00:00:00Z",387,""
"Set","2018-02-19T00:00:00Z",1125,""
"Rise","2018-02-20T00:00:00Z",395,""
"Set","2018-02-20T00:00:00Z",1109,""
"Rise","2018-02-21T00:00:00Z",415,""
"Set","2018-02-21T00:00:00Z",1119,""
"Rise","2018-02-22T00:00:00Z",395,""
"Set","2018-02-22T00:00:00Z",1129,""
"Rise","2018-02-23T00:00:00Z",390,""
"Set","2018-02-23T00:00:00Z",1124,""
"Rise","2018-02-24T00:00:00Z",390,""
"Set","2018-02-24T00:00:00Z",1124,""
"Rise","2018-02-25T00:00:00Z",395,""
"Set","2018-02-25T00:00:00Z",1125,""
"Rise","2018-02-26T00:00:00Z",400,""
"Set","2018-02-26T00:00:00Z",1123,""
"Rise","2018-02-27T00:00:00Z",386,""
"Set","2018-02-27T00:00:00Z",1129,""
"Rise","2018-02-28T00:00:00Z",395,""
"Set","2018-02-28T00:00:00Z",1125,""
"Rise","2018-03-01T00:00:00Z",410,""
"Set","2018-03-01T00:00:00Z",1123,""
"Rise","2018-03-02T00:00:00Z",390,""
"Set","2018-03-02T00:00:00Z",1120,""
"Rise","2018-03-03T00:00:00Z",386,""
"Set","2018-03-03T00:00:00Z",1127,""
"Rise","2018-03-04T00:00:00Z",395,""
"Set","2018-03-04T00:00:00Z",1125,""
"Rise","2018-03-05T00:00:00Z",391,""
"Set","2018-03-05T00:00:00Z",1115,""
"Rise","2018-03-06T00:00:00Z",405,""
"Set","2018-03-06T00:00:00Z",1123,""
"Rise","2018-03-07T00:00:00Z",390,""
"Set","2018-03-07T00:00:00Z",1115,""
"Rise","2018-03-08T00:00:00Z",410,""
"Set","2018-03-08T00:00:00Z",1133,""
"Rise","2018-03-09T00:00:00Z",386,""
"Set","2018-03-09T00:00:00Z",1114,""
"Rise","2018-03-10T00:00:00Z",386,""
"Set","2018-03-10T00:00:00Z",1119,""
"Rise","2018-03-11T00:00:00Z",395,""
"Set","2018-03-11T00:00:00Z",1130,""
"Rise","2018-03-12T00:00:00Z",395,""
"Set","2018-03-12T00:00:00Z",1114,""
"Rise","2018-03-13T00:00:00Z",382,""
"Set","2018-03-13T00:00:00Z",1125,""
"Rise","2018-03-14T00:00:00Z",385,""
"Set","2018-03-14T00:00:00Z",1125,""
"Rise","2018-03-15T00:00:00Z",395,""
"Set","2018-03-15T00:00:00Z",1115,""
"Rise","2018-03-16T00:00:00Z",387,""
"Set","2018-03-16T00:00:00Z",1123,""
"Rise","2018-03-17T00:00:00Z",385,""
"Set","2018-03-17T00:00:00Z",1115,""
"Rise","2018-03-18T00:00:00Z",395,""
"Set","2018-03-18T00:00:00Z",1119,""
"Rise","2018-03-19T00:00:00Z",391,""
"Set","2018-03-19T00:00:00Z",1122,""
"Rise","2018-03-20T00:00:00Z",377,""
"Set","2018-03-20T00:00:00Z",1114,""
"Rise","2018-03-21T00:00:00Z",380,""
"Set","2018-03-21T00:00:00Z",1119,""
"Rise","2018-03-22T00:00:00Z",380,""
"Set","2018-03-22T00:00:00Z",1105,""
"Rise","2018-03-23T00:00:00Z",380,""
"Set","2018-03-23T00:00:00Z",1119,""
"Rise","2018-03-24T00:00:00Z",416,""
"Set","2018-03-24T00:00:00Z",1120,""
"Rise","2018-03-25T00:00:00Z",392,""
"Set","2018-03-25T00:00:00Z",1120,""
"Rise","2018-03-26T00:00:00Z",400,""
"Set","2018-03-26T00:00:00Z",1113,""
"Rise","2018-03-27T00:00:00Z",395,""
"Set","2018-03-27T00:00:00Z",1114,""
"Rise","2018-03-28T00:00:00Z",375,""
"Set","2018-03-28T00:00:00Z",1124,""
"Rise","2018-03-29T00:00:00Z",386,""
"Set","2018-03-29T00:00:00Z",1119,""
"Rise","2018-03-30T00:00:00Z",390,""
"Set","2018-03-30T00:00:00Z",1110,""
"Rise","2018-03-31T00:00:00Z",390,""
"Set","2018-03-31T00:00:00Z",1114,""
"Rise","2018-04-01T00:00:00Z",395,""
"Set","2018-04-01T00:00:00Z",1123,""
"Rise","2018-04-02T00:00:00Z",405,""
"Set","2018-04-02T00:00:00Z",1109,""
"Rise","2018-04-03T00:00:00Z",395,""
"Set","2018-04-03T00:00:00Z",1125,""
"Rise","2018-04-04T00:00:00Z",375,""
"Set","2018-04-04T00:00:00Z",1110,""
"Rise","2018-04-05T00:00:00Z",377,""
"Set","2018-04-05T00:00:00Z",1105,""
"Rise","2018-04-06T00:00:00Z",370,""
"Set","2018-04-06T00:00:00Z",1119,""
"Rise","2018-04-07T00:00:00Z",385,""
"Set","2018-04-07T00:00:00Z",1115,""
"Rise","2018-04-08T00:00:00Z",376,""
"Set","2018-04-08T00:00:00Z",1118,""
"Rise","2018-04-09T00:00:00Z",387,""
"Set","2018-04-09T00:00:00Z",1119,""
"Rise","2018-04-10T00:00:00Z",380,""
"Set","2018-04-10T00:00:00Z",1115,""
"Rise","2018-04-11T00:00:00Z",367,""
"Set","2018-04-11T00:00:00Z",1105,""
"Rise","2018-04-12T00:00:00Z",360,""
"Set","2018-04-12T00:00:00Z",1123,""
"Rise","2018-04-13T00:00:00Z",356,""
"Set","2018-04-13T00:00:00Z",1120,""
"Rise","2018-04-14T00:00:00Z",312,""
"Set","2018-04-14T00:00:00Z",1104,""
"Rise","2018-04-15T00:00:00Z",280,""
"Set","2018-04-15T00:00:00Z",1060,""
"Rise","2018-04-16T00:00:00Z",236,""
"Set","2018-04-16T00:00:00Z",1058,""
"Rise","2018-04-17T00:00:00Z",250,""
"Set","2018-04-17T00:00:00Z",1044,""
"Rise","2018-04-18T00:00:00Z",255,""
"Set","2018-04-18T00:00:00Z",1035,""
"Rise","2018-04-19T00:00:00Z",245,""
"Set","2018-04-19T00:00:00Z",1053,""
"Rise","2018-04-20T00:00:00Z",250,""
"Set","2018-04-20T00:00:00Z",1077,""
"Rise","2018-04-21T00:00:00Z",246,""
"Set","2018-04-21T00:00:00Z",1057,""
"Rise","2018-04-22T00:00:00Z",250,""
"Set","2018-04-22T00:00:00Z",1063,""
"Rise","2018-04-23T00:00:00Z",255,""
"Set","2018-04-23T00:00:00Z",1065,""
"Rise","2018-04-24T00:00:00Z",231,""
"Set","2018-04-24T00:00:00Z",1070,""
"Rise","2018-04-25T00:00:00Z",250,""
"Set","2018-04-25T00:00:00Z",1058,""
"Rise","2018-04-26T00:00:00Z",250,""
"Set","2018-04-26T00:00:00Z",1060,""
"Rise","2018-04-27T00:00:00Z",15,""
"Set","2018-04-27T00:00:00Z",1055,""
"Rise","2018-04-28T00:00:00Z",210,""
